 id,firstname,lastname,profession,id,firstname,lastname,profession 
 100,Gretal,Jena,police  officer,101,Lory,Ephrem,police  officer 
 101,Josephine,Truc,developer,107,Kristan,Matthew,developer 
 102,Cissiee,Madelene,developer,107,Kristan,Matthew,developer 
 103,Jennica,Dorothy,firefighter,102,Amalie,Nisbet,firefighter 
 104,Modestia,Evangelia,developer,107,Kristan,Matthew,developer 
 105,Kimberley,Briney,firefighter,102,Amalie,Nisbet,firefighter 
 106,Myrtice,Merell,worker,103,Vinita,Hoban,worker 
 107,Viviene,Cohdwell,firefighter,102,Amalie,Nisbet,firefighter 
 108,Deedee,Bearnard,police  officer,101,Lory,Ephrem,police  officer 
 109,Bertine,Hilbert,police  officer,101,Lory,Ephrem,police  officer 
